box_no,area_sq_km,midpoint_lat,midpoint_lon
1,568.269979097207,28.750802913492706,-112.91828100013265
2,3339.17160944897,29.041206774839765,-113.26711664061747
3,318.780867050352,21.850004634056564,-105.88333334999957
4,1263.28183376489,31.174444501275953,-114.56287578328829
5,2198.54758864504,30.7645880444517,-114.53115053645938
6,4225.44003336254,21.963618973719633,-105.76943495473922
7,4060.35058833531,20.910057329439148,-105.49201448485603
8,3268.37391442172,25.72288790259789,-109.5075393704298
9,5613.23109537715,24.927661707132724,-108.4143217575167
10,5789.39103249644,23.39292737704165,-106.68315890744975
11,2564.73624360953,31.42875909045352,-114.116270564961
12,2528.80644696209,30.08566821809886,-112.89173883364705
13,1658.14008829449,27.182981716709325,-110.39821446210729
14,1133.80744825676,31.112956397479365,-113.27708989683205
15,534.14766811755,31.570070539416715,-113.88046791013745
16,485.752134404835,26.813559633921223,-111.86277080108134
17,1639.73739162114,24.446497722536645,-110.53820761520439
18,77.7266379737883,31.6848335230802,-114.75259506131694
19,69.5285232814469,25.65606833000138,-110.77607721975197
20,1981.09028400214,26.711931777066592,-111.46084137681265
21,786.546319489284,26.232369585479944,-111.19695386114557
22,3005.98043564331,27.395283088010178,-111.95402332275077
23,1224.16195465936,27.777491778037533,-112.45668947800299
24,336.135390171033,28.107963093861805,-112.61654659483531
25,2454.83051886789,27.932892799741353,-111.35909658976423
26,904.520994668085,27.329944272050206,-110.70901848871877
27,288.165639359506,24.863777435295347,-110.64506443049943
28,1897.83310159798,25.373214223858913,-110.86796964780363
29,407.481457155303,26.630768656756807,-111.56513969464186
30,363.979337130736,27.76485637934198,-112.61720683398535
31,453.06361003448,27.23177472532087,-112.10654034280276
32,21865.8828624863,23.791204448312993,-109.65002775387083
33,597.421329136278,23.01080721437959,-109.62665822542657
34,675.002292626531,24.213938538726136,-109.99575839464117
35,3161.6358390996,29.929669852337426,-114.24030428413073
36,6657.37411887475,30.86763973110531,-113.58164949132282
37,1372.22036083299,29.431282220840455,-112.53971562911953
38,256.345325336131,29.20549100613079,-112.24136816748283
39,622.025409448029,27.783054527146255,-110.72697991054281
40,10674.1183320951,22.749918745073895,-106.61835946014098
41,7218.47553049208,24.804317664130018,-108.73402741832876
42,822.40197785627,28.643897630155838,-112.11237306640436
43,224.821676165114,28.098491024695573,-112.74163725212877
44,76206.9801119341,22.89363831224575,-107.95723621624717
45,4208.43709561708,20.939274835933368,-105.94386819208134
46,6126.57991622484,21.515739142337768,-106.46924334245404
47,381.114771801416,29.084468681611117,-112.5674890180652
48,8489.02312216848,27.150124005598233,-111.32074811148429
49,4151.33201043985,28.02752057454866,-112.10099649000854
50,4749.49313892539,27.225332083072757,-110.85758958416876
51,584.398989965933,26.360559393407623,-109.612275351973
52,8185.92580666745,30.437971400617172,-113.88968944926575
53,541.804769739405,29.381024629902814,-112.74484448426485
54,2421.85311025964,28.44696528775662,-112.34545379764063
55,1916.2664475711,28.867132194613696,-112.71785676731402
56,204.177196522266,21.626984596680472,-106.58027375601321
57,243.911745176015,24.245079508659167,-109.87858362027028
58,326.391815818271,24.974831097852046,-110.61763766277836
59,342.527089048538,25.96234656302619,-111.15116320978522
60,1365.39449075511,28.98677088348649,-112.36652485018658
61,1115.61455153619,29.291071586090844,-113.36246680022978
62,190.770378617792,31.7392255101646,-114.63860691895121
63,371.333606800189,24.51670625792412,-110.34259447993563
64,1390.20311003133,31.39659718151606,-114.71106740672496
65,25.2999652990796,28.691026819093306,-112.58128113274783
66,211.910581528111,24.492100927046383,-110.35991719902667
67,3224.33490877443,22.342274794340486,-109.79069294665709
68,40.0774706094416,22.87408211527128,-109.8673068646251
69,13.8794325672116,20.699723319969905,-105.57749999999486
70,90.1675218740985,21.462246464585473,-106.42976057694456
71,477.249523158342,27.033345077652953,-111.40833335000173
72,8.99605976465779,24.703194836080264,-110.30125034592987
73,124.860479559731,24.080401879160366,-109.93550724321378
74,12556.7026612654,25.715844708595853,-110.2942285922943
75,7100.54645860401,26.292547976547656,-110.03172019550516
76,10013.6616560062,21.380929397996198,-107.91842502469879
77,2399.4438740382,20.49058246136114,-106.11870087142528
78,43.2180650418636,27.217807853576865,-112.07290152940236
79,199.80798598764,23.680164340305453,-109.61718324766983
80,327.478064889986,23.40537576627317,-109.42714805955788
81,1599.39856969465,25.837647102622228,-111.08536062195381
82,171.408137236922,31.23575888485084,-114.34993925339211
83,12.4148922955588,27.441907028972285,-111.87971399139359
84,2371.36388681724,29.848071748036958,-113.10343332483582
85,5689.8177164495,29.646415897114533,-113.41746226278154
86,1184.4621214732,26.2189703308308,-109.22881683556086
87,1334.52824180119,25.000517033208176,-108.13111625330114
88,1161.89646836533,26.489892945154054,-109.44057019246203
89,1194.16705416923,26.73359728067599,-109.87030039694905
90,190.79539232297,31.089726285130155,-113.07895858192705
91,4026.95426012172,22.35881889933608,-105.6364715459105
92,481.809088667998,24.44230182650163,-107.5948013063511
93,1469.26716960094,25.528168183593166,-108.92017183247872
94,175.763270663891,26.716970103991144,-109.51875043927639
95,1515.8176008007,27.548795305582615,-110.48832327398145
96,84.1629461147677,28.78554060723763,-111.88001038677584
97,715.484824708553,28.89522827721978,-113.36537695563551
98,124.113967461219,24.169334188297647,-110.36533408108039
99,42.5237668634016,25.536744247687906,-111.04104209817041
100,131.310263098149,23.866984844708686,-109.73150232458109
101,123.5254643838,31.73962427728532,-114.73977115855104
102,55.077227499781,28.649188951925883,-112.8478014969421
103,299.752836113913,28.383519909304844,-112.3090859803753
104,305.739387505103,28.292015903272077,-112.66640626887222
105,343.628700490805,28.341638156387198,-112.78585214775465
106,44.0987910318239,28.70080696366074,-112.57841675165692
107,825.138518109968,28.404144674078843,-111.80530927335587
108,555.396156643964,28.819049175589463,-112.06651992564015
109,1109.73684370677,28.185085533582438,-111.38388394714644
